external_id,name,slug,parent_external_id,has_shipping,has_brand,metadata
1,Vozila,vozila,,0,1,"{""id"":1,""name"":""Vozila"",""name_singular"":""Vozila"",""slug"":""vozila"",""parent_id"":null,""order"":1,""desktop_order"":1,""top_category"":true,""highlighted"":true,""shipping_available"":false,""sensitive_content"":false,""post_option"":null,""show_price"":true,""show_brand"":true,""brand_required"":false,""model_required"":false,""has_models"":false,""show_condition"":true,""show_map"":false,""listing_fee"":0,""booking_enabled"":false,""base_listing_price"":0,""icon"":""cars"",""show_stories"":true}"
2,Nekretnine,nekretnine,,0,0,"{""id"":2,""name"":""Nekretnine"",""name_singular"":""Nekretnine"",""slug"":""nekretnine"",""parent_id"":null,""order"":2,""desktop_order"":2,""top_category"":true,""highlighted"":true,""shipping_available"":false,""sensitive_content"":false,""post_option"":null,""show_price"":true,""show_brand"":false,""brand_required"":false,""model_required"":false,""has_models"":false,""show_condition"":false,""show_map"":true,""listing_fee"":0,""booking_enabled"":false,""base_listing_price"":0,""icon"":""real-estate"",""show_stories"":true}"
2159,Servisi i usluge,servisi-i-usluge,,0,0,"{""id"":2159,""name"":""Servisi i usluge"",""name_singular"":""Servisi i usluge"",""slug"":""servisi-i-usluge"",""parent_id"":null,""order"":3,""desktop_order"":3,""top_category"":true,""highlighted"":false,""shipping_available"":false,""sensitive_content"":false,""post_option"":null,""show_price"":false,""show_brand"":false,""brand_required"":false,""model_required"":false,""has_models"":false,""show_condition"":false,""show_map"":false,""listing_fee"":0,""booking_enabled"":false,""base_listing_price"":5,""icon"":""services"",""show_stories"":false}"
2286,Poslovi,poslovi,,0,0,"{""id"":2286,""name"":""Poslovi"",""name_singular"":""Poslovi"",""slug"":""poslovi"",""parent_id"":null,""order"":4,""desktop_order"":4,""top_category"":true,""highlighted"":false,""shipping_available"":false,""sensitive_content"":false,""post_option"":null,""show_price"":false,""show_brand"":false,""brand_required"":false,""model_required"":false,""has_models"":false,""show_condition"":false,""show_map"":false,""listing_fee"":100,""booking_enabled"":false,""base_listing_price"":10,""icon"":""jobs"",""show_stories"":false}"
928,Dijelovi za vozila,dijelovi-za-vozila,,0,1,"{""id"":928,""name"":""Dijelovi za vozila"",""name_singular"":""Dijelovi za vozila"",""slug"":""dijelovi-za-vozila"",""parent_id"":null,""order"":5,""desktop_order"":5,""top_category"":false,""highlighted"":false,""shipping_available"":false,""sensitive_content"":false,""post_option"":null,""show_price"":true,""show_brand"":true,""brand_required"":false,""model_required"":false,""has_models"":false,""show_condition"":true,""show_map"":false,""listing_fee"":0,""booking_enabled"":false,""base_listing_price"":5,""icon"":""car-parts"",""show_stories"":false}"
3,Mobilni uređaji,mobilni-uredjaji,,1,1,"{""id"":3,""name"":""Mobilni uređaji"",""name_singular"":""Mobilni uređaji"",""slug"":""mobilni-uredjaji"",""parent_id"":null,""order"":6,""desktop_order"":6,""top_category"":true,""highlighted"":true,""shipping_available"":true,""sensitive_content"":false,""post_option"":null,""show_price"":true,""show_brand"":true,""brand_required"":false,""model_required"":false,""has_models"":false,""show_condition"":true,""show_map"":false,""listing_fee"":0,""booking_enabled"":false,""base_listing_price"":0,""icon"":""mobile-phones"",""show_stories"":false}"
5,Kompjuteri,kompjuteri,,1,1,"{""id"":5,""name"":""Kompjuteri"",""name_singular"":""Kompjuteri"",""slug"":""kompjuteri"",""parent_id"":null,""order"":7,""desktop_order"":7,""top_category"":true,""highlighted"":true,""shipping_available"":true,""sensitive_content"":false,""post_option"":null,""show_price"":true,""show_brand"":true,""brand_required"":false,""model_required"":false,""has_models"":false,""show_condition"":true,""show_map"":false,""listing_fee"":0,""booking_enabled"":false,""base_listing_price"":0,""icon"":""convos"",""show_stories"":false}"
14,Tehnika,tehnika,,1,1,"{""id"":14,""name"":""Tehnika"",""name_singular"":""Tehnika"",""slug"":""tehnika"",""parent_id"":null,""order"":8,""desktop_order"":8,""top_category"":true,""highlighted"":true,""shipping_available"":true,""sensitive_content"":false,""post_option"":null,""show_price"":true,""show_brand"":true,""brand_required"":false,""model_required"":false,""has_models"":false,""show_condition"":true,""show_map"":false,""listing_fee"":0,""booking_enabled"":false,""base_listing_price"":0,""icon"":""clock"",""show_stories"":false}"
701,Moj dom,moj-dom,,0,1,"{""id"":701,""name"":""Moj dom"",""name_singular"":""Moj dom"",""slug"":""moj-dom"",""parent_id"":null,""order"":9,""desktop_order"":9,""top_category"":true,""highlighted"":true,""shipping_available"":false,""sensitive_content"":false,""post_option"":null,""show_price"":true,""show_brand"":true,""brand_required"":false,""model_required"":false,""has_models"":false,""show_condition"":true,""show_map"":false,""listing_fee"":0,""booking_enabled"":false,""base_listing_price"":0,""icon"":""my-home"",""show_stories"":false}"
224,Biznis i Industrija,biznis-i-industrija,,1,1,"{""id"":224,""name"":""Biznis i Industrija"",""name_singular"":""Biznis i Industrija"",""slug"":""biznis-i-industrija"",""parent_id"":null,""order"":10,""desktop_order"":10,""top_category"":true,""highlighted"":false,""shipping_available"":true,""sensitive_content"":false,""post_option"":null,""show_price"":true,""show_brand"":true,""brand_required"":false,""model_required"":false,""has_models"":false,""show_condition"":true,""show_map"":false,""listing_fee"":0,""booking_enabled"":false,""base_listing_price"":0,""icon"":""business"",""show_stories"":false}"
465,Odjeća i obuća,odjeca-i-obuca,,1,1,"{""id"":465,""name"":""Odjeća i obuća"",""name_singular"":""Odjeća i obuća"",""slug"":""odjeca-i-obuca"",""parent_id"":null,""order"":11,""desktop_order"":11,""top_category"":true,""highlighted"":false,""shipping_available"":true,""sensitive_content"":false,""post_option"":null,""show_price"":true,""show_brand"":true,""brand_required"":false,""model_required"":false,""has_models"":false,""show_condition"":true,""show_map"":false,""listing_fee"":0,""booking_enabled"":false,""base_listing_price"":4,""icon"":""clothes"",""show_stories"":false}"
171,Sportska oprema,sportska-oprema,,1,1,"{""id"":171,""name"":""Sportska oprema"",""name_singular"":""Sportska oprema"",""slug"":""sportska-oprema"",""parent_id"":null,""order"":12,""desktop_order"":12,""top_category"":true,""highlighted"":true,""shipping_available"":true,""sensitive_content"":false,""post_option"":null,""show_price"":true,""show_brand"":true,""brand_required"":false,""model_required"":false,""has_models"":false,""show_condition"":true,""show_map"":false,""listing_fee"":0,""booking_enabled"":false,""base_listing_price"":5,""icon"":""sports-equipment"",""show_stories"":false}"
896,Hrana i piće,hrana-i-pice,,1,1,"{""id"":896,""name"":""Hrana i piće"",""name_singular"":""Hrana i piće"",""slug"":""hrana-i-pice"",""parent_id"":null,""order"":14,""desktop_order"":14,""top_category"":true,""highlighted"":false,""shipping_available"":true,""sensitive_content"":false,""post_option"":null,""show_price"":true,""show_brand"":true,""brand_required"":false,""model_required"":false,""has_models"":false,""show_condition"":true,""show_map"":false,""listing_fee"":0,""booking_enabled"":false,""base_listing_price"":0,""icon"":null,""show_stories"":false}"
68,Nakit i Satovi,nakit-i-satovi,,1,1,"{""id"":68,""name"":""Nakit i Satovi"",""name_singular"":""Nakit i Satovi"",""slug"":""nakit-i-satovi"",""parent_id"":null,""order"":16,""desktop_order"":16,""top_category"":true,""highlighted"":true,""shipping_available"":true,""sensitive_content"":false,""post_option"":null,""show_price"":true,""show_brand"":true,""brand_required"":false,""model_required"":false,""has_models"":false,""show_condition"":true,""show_map"":false,""listing_fee"":0,""booking_enabled"":false,""base_listing_price"":0,""icon"":null,""show_stories"":false}"
208,Životinje,zivotinje,,0,1,"{""id"":208,""name"":""Životinje"",""name_singular"":""Životinje"",""slug"":""zivotinje"",""parent_id"":null,""order"":18,""desktop_order"":18,""top_category"":true,""highlighted"":false,""shipping_available"":false,""sensitive_content"":false,""post_option"":null,""show_price"":true,""show_brand"":true,""brand_required"":false,""model_required"":false,""has_models"":false,""show_condition"":false,""show_map"":false,""listing_fee"":0,""booking_enabled"":false,""base_listing_price"":0,""icon"":""pets"",""show_stories"":false}"
276,Ljepota i Zdravlje,ljepota-i-zdravlje,,1,1,"{""id"":276,""name"":""Ljepota i Zdravlje"",""name_singular"":""Ljepota i Zdravlje"",""slug"":""ljepota-i-zdravlje"",""parent_id"":null,""order"":20,""desktop_order"":20,""top_category"":true,""highlighted"":false,""shipping_available"":true,""sensitive_content"":false,""post_option"":null,""show_price"":true,""show_brand"":true,""brand_required"":false,""model_required"":false,""has_models"":false,""show_condition"":true,""show_map"":false,""listing_fee"":0,""booking_enabled"":false,""base_listing_price"":0,""icon"":null,""show_stories"":false}"
371,Bebe,bebe,,1,1,"{""id"":371,""name"":""Bebe"",""name_singular"":""Bebe"",""slug"":""bebe"",""parent_id"":null,""order"":22,""desktop_order"":22,""top_category"":true,""highlighted"":false,""shipping_available"":true,""sensitive_content"":false,""post_option"":null,""show_price"":true,""show_brand"":true,""brand_required"":false,""model_required"":false,""has_models"":false,""show_condition"":true,""show_map"":false,""listing_fee"":0,""booking_enabled"":false,""base_listing_price"":4,""icon"":null,""show_stories"":false}"
283,Igre i igračke,igre-i-igracke,,1,1,"{""id"":283,""name"":""Igre i igračke"",""name_singular"":""Igre i igračke"",""slug"":""igre-i-igracke"",""parent_id"":null,""order"":24,""desktop_order"":24,""top_category"":true,""highlighted"":false,""shipping_available"":true,""sensitive_content"":false,""post_option"":null,""show_price"":true,""show_brand"":true,""brand_required"":false,""model_required"":false,""has_models"":false,""show_condition"":true,""show_map"":false,""listing_fee"":0,""booking_enabled"":false,""base_listing_price"":0,""icon"":null,""show_stories"":false}"
289,Video igre,video-igre,,1,1,"{""id"":289,""name"":""Video igre"",""name_singular"":""Video igre"",""slug"":""video-igre"",""parent_id"":null,""order"":26,""desktop_order"":26,""top_category"":true,""highlighted"":false,""shipping_available"":true,""sensitive_content"":false,""post_option"":null,""show_price"":true,""show_brand"":true,""brand_required"":false,""model_required"":false,""has_models"":false,""show_condition"":true,""show_map"":false,""listing_fee"":0,""booking_enabled"":false,""base_listing_price"":2,""icon"":null,""show_stories"":false}"
67,Muzička oprema,muzicka-oprema,,1,1,"{""id"":67,""name"":""Muzička oprema"",""name_singular"":""Muzička oprema"",""slug"":""muzicka-oprema"",""parent_id"":null,""order"":28,""desktop_order"":28,""top_category"":true,""highlighted"":false,""shipping_available"":true,""sensitive_content"":false,""post_option"":null,""show_price"":true,""show_brand"":true,""brand_required"":false,""model_required"":false,""has_models"":false,""show_condition"":true,""show_map"":false,""listing_fee"":0,""booking_enabled"":false,""base_listing_price"":0,""icon"":null,""show_stories"":false}"
16,Literatura,literatura,,1,1,"{""id"":16,""name"":""Literatura"",""name_singular"":""Literatura"",""slug"":""literatura"",""parent_id"":null,""order"":30,""desktop_order"":30,""top_category"":true,""highlighted"":false,""shipping_available"":true,""sensitive_content"":false,""post_option"":null,""show_price"":true,""show_brand"":true,""brand_required"":false,""model_required"":false,""has_models"":false,""show_condition"":true,""show_map"":false,""listing_fee"":0,""booking_enabled"":false,""base_listing_price"":2,""icon"":""books"",""show_stories"":false}"
69,Umjetnost,umjetnost,,1,1,"{""id"":69,""name"":""Umjetnost"",""name_singular"":""Umjetnost"",""slug"":""umjetnost"",""parent_id"":null,""order"":32,""desktop_order"":32,""top_category"":true,""highlighted"":true,""shipping_available"":true,""sensitive_content"":false,""post_option"":null,""show_price"":true,""show_brand"":true,""brand_required"":false,""model_required"":false,""has_models"":false,""show_condition"":true,""show_map"":false,""listing_fee"":0,""booking_enabled"":false,""base_listing_price"":0,""icon"":""camera"",""show_stories"":false}"
435,Kolekcionarstvo,kolekcionarstvo,,1,1,"{""id"":435,""name"":""Kolekcionarstvo"",""name_singular"":""Kolekcionarstvo"",""slug"":""kolekcionarstvo"",""parent_id"":null,""order"":34,""desktop_order"":34,""top_category"":true,""highlighted"":false,""shipping_available"":true,""sensitive_content"":false,""post_option"":null,""show_price"":true,""show_brand"":true,""brand_required"":false,""model_required"":false,""has_models"":false,""show_condition"":true,""show_map"":false,""listing_fee"":0,""booking_enabled"":false,""base_listing_price"":4,""icon"":""Kolekcionarstvo"",""show_stories"":false}"
455,Antikviteti,antikviteti,,1,1,"{""id"":455,""name"":""Antikviteti"",""name_singular"":""Antikviteti"",""slug"":""antikviteti"",""parent_id"":null,""order"":36,""desktop_order"":36,""top_category"":true,""highlighted"":false,""shipping_available"":true,""sensitive_content"":false,""post_option"":null,""show_price"":true,""show_brand"":true,""brand_required"":false,""model_required"":false,""has_models"":false,""show_condition"":true,""show_map"":false,""listing_fee"":0,""booking_enabled"":false,""base_listing_price"":4,""icon"":""Antikviteti"",""show_stories"":false}"
179,Karte - Tickets,karte-tickets,,1,1,"{""id"":179,""name"":""Karte - Tickets"",""name_singular"":""Karte - Tickets"",""slug"":""karte-tickets"",""parent_id"":null,""order"":38,""desktop_order"":38,""top_category"":true,""highlighted"":false,""shipping_available"":true,""sensitive_content"":false,""post_option"":null,""show_price"":true,""show_brand"":true,""brand_required"":false,""model_required"":false,""has_models"":false,""show_condition"":true,""show_map"":false,""listing_fee"":0,""booking_enabled"":false,""base_listing_price"":0,""icon"":null,""show_stories"":false}"
328,Sve ostalo,sve-ostalo,,0,1,"{""id"":328,""name"":""Sve ostalo"",""name_singular"":""Sve ostalo"",""slug"":""sve-ostalo"",""parent_id"":null,""order"":40,""desktop_order"":40,""top_category"":true,""highlighted"":false,""shipping_available"":false,""sensitive_content"":false,""post_option"":null,""show_price"":true,""show_brand"":true,""brand_required"":false,""model_required"":false,""has_models"":false,""show_condition"":true,""show_map"":false,""listing_fee"":0,""booking_enabled"":false,""base_listing_price"":0,""icon"":null,""show_stories"":false}"
1453,Sijalice za automobile,,929,0,0,
1446,Akumulatori za automobile,,929,0,0,
1463,Unutrašnji izgled za automobile,,929,0,0,
1695,Ulje i maziva za motocikle,ulje-i-maziva-za-motocikle,930,1,1,"{""id"":1695,""name"":""Ulje i maziva za motocikle"",""name_singular"":""Ulje i maziva za motocikle"",""slug"":""ulje-i-maziva-za-motocikle"",""parent_id"":930,""order"":132,""desktop_order"":0,""top_category"":false,""highlighted"":false,""shipping_available"":true,""sensitive_content"":false,""post_option"":null,""show_price"":true,""show_brand"":true,""brand_required"":false,""model_required"":false,""has_models"":false,""show_condition"":true,""show_map"":false,""listing_fee"":0,""booking_enabled"":false,""base_listing_price"":5,""sub_categories"":[],""icon"":null,""show_stories"":false}"
1450,Prekidači za automobile,,929,0,0,
31,Mobiteli,mobiteli,3,0,0,
1486,Dizalice za automobile,,929,0,0,
1455,Ulja za automobile,,929,0,0,
1603,Autodijagnostika,,929,0,0,
1041,Kacige za motocikliste,kacige-za-motocikliste,930,1,1,"{""id"":1041,""name"":""Kacige za motocikliste"",""name_singular"":""Kacige za motocikliste"",""slug"":""kacige-za-motocikliste"",""parent_id"":930,""order"":46,""desktop_order"":0,""top_category"":false,""highlighted"":false,""shipping_available"":true,""sensitive_content"":false,""post_option"":null,""show_price"":true,""show_brand"":true,""brand_required"":false,""model_required"":false,""has_models"":false,""show_condition"":true,""show_map"":false,""listing_fee"":0,""booking_enabled"":false,""base_listing_price"":5,""sub_categories"":[],""icon"":null,""show_stories"":true}"
2062,Ručice mjenjača za automobile,,929,0,0,
1617,Znakovi za automobile,,929,0,0,
793,Deterdženti i sredstva za dezinfekciju,deterdzenti-i-sredstva-za-dezinfekciju,710,1,1,"{""id"":793,""name"":""Deterdženti i sredstva za dezinfekciju"",""name_singular"":""Deterdženti i sredstva za dezinfekciju"",""slug"":""deterdzenti-i-sredstva-za-dezinfekciju"",""parent_id"":710,""order"":10,""desktop_order"":0,""top_category"":false,""highlighted"":false,""shipping_available"":true,""sensitive_content"":false,""post_option"":null,""show_price"":true,""show_brand"":true,""brand_required"":false,""model_required"":false,""has_models"":false,""show_condition"":true,""show_map"":false,""listing_fee"":0,""booking_enabled"":false,""base_listing_price"":5,""sub_categories"":[],""icon"":null,""show_stories"":false}"
942,Autokozmetika,,929,0,0,
940,Gume za automobile,,929,0,0,
1188,Ostalo,ostalo,225,1,1,"{""id"":1188,""name"":""Ostalo"",""name_singular"":""Ostalo"",""slug"":""ostalo"",""parent_id"":225,""order"":1000,""desktop_order"":0,""top_category"":false,""highlighted"":false,""shipping_available"":true,""sensitive_content"":false,""post_option"":null,""show_price"":true,""show_brand"":true,""brand_required"":false,""model_required"":false,""has_models"":false,""show_condition"":true,""show_map"":false,""listing_fee"":0,""booking_enabled"":false,""base_listing_price"":5,""sub_categories"":[],""icon"":null,""show_stories"":false}"
952,Svjetla/Signalizacija za motocikle,svjetlasignalizacija-za-motocikle,930,1,0,"{""id"":952,""name"":""Svjetla/Signalizacija za motocikle"",""name_singular"":""Svjetla/Signalizacija za motocikle"",""slug"":""svjetlasignalizacija-za-motocikle"",""parent_id"":930,""order"":126,""desktop_order"":0,""top_category"":false,""highlighted"":false,""shipping_available"":true,""sensitive_content"":false,""post_option"":null,""show_price"":true,""show_brand"":false,""brand_required"":false,""model_required"":false,""has_models"":false,""show_condition"":true,""show_map"":false,""listing_fee"":0,""booking_enabled"":false,""base_listing_price"":5,""sub_categories"":[],""icon"":null,""show_stories"":false}"
2034,Čepovi felgi za automobile,,929,0,0,
1456,Blatobrani za automobile,,929,0,0,
1470,Senzori za automobile,,929,0,0,
1565,CD/DVD/MC/Radio player za automobile,,929,0,0,
943,Retrovizori za automobile,,929,0,0,
1615,Alat i pribor za automobile,,929,0,0,
958,Izduvni sistemi za motocikle,izduvni-sistemi-za-motocikle,930,1,0,"{""id"":958,""name"":""Izduvni sistemi za motocikle"",""name_singular"":""Izduvni sistemi za motocikle"",""slug"":""izduvni-sistemi-za-motocikle"",""parent_id"":930,""order"":42,""desktop_order"":0,""top_category"":false,""highlighted"":false,""shipping_available"":true,""sensitive_content"":false,""post_option"":null,""show_price"":true,""show_brand"":false,""brand_required"":false,""model_required"":false,""has_models"":false,""show_condition"":true,""show_map"":false,""listing_fee"":0,""booking_enabled"":false,""base_listing_price"":5,""sub_categories"":[],""icon"":null,""show_stories"":false}"
1505,Ručke i tegovi za motocikle,rucke-i-tegovi-za-motocikle,930,1,1,"{""id"":1505,""name"":""Ručke i tegovi za motocikle"",""name_singular"":""Ručke i tegovi za motocikle"",""slug"":""rucke-i-tegovi-za-motocikle"",""parent_id"":930,""order"":118,""desktop_order"":0,""top_category"":false,""highlighted"":false,""shipping_available"":true,""sensitive_content"":false,""post_option"":null,""show_price"":true,""show_brand"":true,""brand_required"":false,""model_required"":false,""has_models"":false,""show_condition"":true,""show_map"":false,""listing_fee"":0,""booking_enabled"":false,""base_listing_price"":5,""sub_categories"":[],""icon"":null,""show_stories"":false}"
2605,Rotacije za automobile,,929,0,0,
972,Ostalo za teretna vozila,ostalo-za-teretna-vozila,931,0,0,"{""id"":972,""name"":""Ostalo za teretna vozila"",""name_singular"":""Ostalo za teretna vozila"",""slug"":""ostalo-za-teretna-vozila"",""parent_id"":931,""order"":1000,""desktop_order"":0,""top_category"":false,""highlighted"":false,""shipping_available"":false,""sensitive_content"":false,""post_option"":null,""show_price"":true,""show_brand"":false,""brand_required"":false,""model_required"":false,""has_models"":false,""show_condition"":true,""show_map"":false,""listing_fee"":0,""booking_enabled"":false,""base_listing_price"":5,""sub_categories"":[],""icon"":null,""show_stories"":false}"
1439,Maske za automobile,,929,0,0,
1623,Plastika za automobile,,929,0,0,
2575,Baterije i punjači,baterije-i-punjaci,14,0,0,
1691,Dodaci i Pribor za motocikle,dodaci-i-pribor-za-motocikle,930,1,0,"{""id"":1691,""name"":""Dodaci i Pribor za motocikle"",""name_singular"":""Dodaci i Pribor za motocikle"",""slug"":""dodaci-i-pribor-za-motocikle"",""parent_id"":930,""order"":26,""desktop_order"":0,""top_category"":false,""highlighted"":false,""shipping_available"":true,""sensitive_content"":false,""post_option"":null,""show_price"":true,""show_brand"":false,""brand_required"":false,""model_required"":false,""has_models"":false,""show_condition"":true,""show_map"":false,""listing_fee"":0,""booking_enabled"":false,""base_listing_price"":5,""sub_categories"":[],""icon"":null,""show_stories"":false}"
254,Punjači za mobitele i tablete,punjaci-za-mobitele-i-tablete,252,1,1,"{""id"":254,""name"":""Punjači za mobitele i tablete"",""name_singular"":""Punjači za mobitele i tablete"",""slug"":""punjaci-za-mobitele-i-tablete"",""parent_id"":252,""order"":46,""desktop_order"":0,""top_category"":false,""highlighted"":false,""shipping_available"":true,""sensitive_content"":false,""post_option"":null,""show_price"":true,""show_brand"":true,""brand_required"":false,""model_required"":false,""has_models"":false,""show_condition"":true,""show_map"":false,""listing_fee"":0,""booking_enabled"":false,""base_listing_price"":6,""sub_categories"":[],""icon"":null,""show_stories"":false}"
1662,Viziri za motocikle,viziri-za-motocikle,930,1,1,"{""id"":1662,""name"":""Viziri za motocikle"",""name_singular"":""Viziri za motocikle"",""slug"":""viziri-za-motocikle"",""parent_id"":930,""order"":140,""desktop_order"":0,""top_category"":false,""highlighted"":false,""shipping_available"":true,""sensitive_content"":false,""post_option"":null,""show_price"":true,""show_brand"":true,""brand_required"":false,""model_required"":false,""has_models"":false,""show_condition"":true,""show_map"":false,""listing_fee"":0,""booking_enabled"":false,""base_listing_price"":5,""sub_categories"":[],""icon"":null,""show_stories"":false}"
956,Retrovizori za motocikle,retrovizori-za-motocikle,930,1,0,"{""id"":956,""name"":""Retrovizori za motocikle"",""name_singular"":""Retrovizori za motocikle"",""slug"":""retrovizori-za-motocikle"",""parent_id"":930,""order"":112,""desktop_order"":0,""top_category"":false,""highlighted"":false,""shipping_available"":true,""sensitive_content"":false,""post_option"":null,""show_price"":true,""show_brand"":false,""brand_required"":false,""model_required"":false,""has_models"":false,""show_condition"":true,""show_map"":false,""listing_fee"":0,""booking_enabled"":false,""base_listing_price"":5,""sub_categories"":[],""icon"":null,""show_stories"":false}"
1540,Odijela i majice za motocikliste,odijela-i-majice-za-motocikliste,930,1,1,"{""id"":1540,""name"":""Odijela i majice za motocikliste"",""name_singular"":""Odijela i majice za motocikliste"",""slug"":""odijela-i-majice-za-motocikliste"",""parent_id"":930,""order"":86,""desktop_order"":0,""top_category"":false,""highlighted"":false,""shipping_available"":true,""sensitive_content"":false,""post_option"":null,""show_price"":true,""show_brand"":true,""brand_required"":false,""model_required"":false,""has_models"":false,""show_condition"":true,""show_map"":false,""listing_fee"":0,""booking_enabled"":false,""base_listing_price"":5,""sub_categories"":[],""icon"":null,""show_stories"":false}"
1541,Žmigavci za automobile,,929,0,0,
948,Tuning za automobile,,929,0,0,
2501,Balasti za automobile,,929,0,0,
2015,Maglenke za automobile,,929,0,0,
1434,Filteri za automobile,,929,0,0,
2031,Nosači/držači za mobitele,nosacidrzaci-za-mobitele,252,1,1,"{""id"":2031,""name"":""Nosači/držači za mobitele"",""name_singular"":""Nosači/držači za mobitele"",""slug"":""nosacidrzaci-za-mobitele"",""parent_id"":252,""order"":38,""desktop_order"":0,""top_category"":false,""highlighted"":false,""shipping_available"":true,""sensitive_content"":false,""post_option"":null,""show_price"":true,""show_brand"":true,""brand_required"":false,""model_required"":false,""has_models"":false,""show_condition"":true,""show_map"":false,""listing_fee"":0,""booking_enabled"":false,""base_listing_price"":5,""sub_categories"":[],""icon"":null,""show_stories"":false}"
1614,Brave i ključevi za automobile,,929,0,0,
953,Gume za motocikle,gume-za-motocikle,930,1,1,"{""id"":953,""name"":""Gume za motocikle"",""name_singular"":""Gume za motocikle"",""slug"":""gume-za-motocikle"",""parent_id"":930,""order"":36,""desktop_order"":0,""top_category"":false,""highlighted"":false,""shipping_available"":true,""sensitive_content"":false,""post_option"":null,""show_price"":true,""show_brand"":true,""brand_required"":false,""model_required"":false,""has_models"":false,""show_condition"":true,""show_map"":false,""listing_fee"":0,""booking_enabled"":false,""base_listing_price"":5,""sub_categories"":[],""icon"":null,""show_stories"":false}"
2607,Aditivi za automobile,,929,0,0,
2558,Svjetla tablica za automobile,,929,0,0,
2604,Rotacije za teretna vozila,rotacije-za-teretna-vozila,931,1,1,"{""id"":2604,""name"":""Rotacije za teretna vozila"",""name_singular"":""Rotacije za teretna vozila"",""slug"":""rotacije-za-teretna-vozila"",""parent_id"":931,""order"":70,""desktop_order"":0,""top_category"":false,""highlighted"":false,""shipping_available"":true,""sensitive_content"":false,""post_option"":null,""show_price"":true,""show_brand"":true,""brand_required"":false,""model_required"":false,""has_models"":false,""show_condition"":true,""show_map"":false,""listing_fee"":0,""booking_enabled"":false,""base_listing_price"":5,""sub_categories"":[],""icon"":null,""show_stories"":false}"
1837,Gedore i ključevi,gedore-i-kljucevi,225,1,1,"{""id"":1837,""name"":""Gedore i ključevi"",""name_singular"":""Gedore i ključevi"",""slug"":""gedore-i-kljucevi"",""parent_id"":225,""order"":46,""desktop_order"":0,""top_category"":false,""highlighted"":false,""shipping_available"":true,""sensitive_content"":false,""post_option"":null,""show_price"":true,""show_brand"":true,""brand_required"":false,""model_required"":false,""has_models"":false,""show_condition"":true,""show_map"":false,""listing_fee"":0,""booking_enabled"":false,""base_listing_price"":5,""sub_categories"":[],""icon"":null,""show_stories"":false}"
1045,Kablovi za mobitele,kablovi-za-mobitele,252,1,1,"{""id"":1045,""name"":""Kablovi za mobitele"",""name_singular"":""Kablovi za mobitele"",""slug"":""kablovi-za-mobitele"",""parent_id"":252,""order"":22,""desktop_order"":0,""top_category"":false,""highlighted"":false,""shipping_available"":true,""sensitive_content"":false,""post_option"":null,""show_price"":true,""show_brand"":true,""brand_required"":false,""model_required"":false,""has_models"":false,""show_condition"":true,""show_map"":false,""listing_fee"":0,""booking_enabled"":false,""base_listing_price"":5,""sub_categories"":[],""icon"":null,""show_stories"":false}"
1454,Ratkape za automobile,,929,0,0,
2144,Sajle za automobile,,929,0,0,
1566,Zvučnici za automobile,,929,0,0,
2632,Selotejp i trake,selotejp-i-trake,224,0,0,
939,Farovi i Štopke za automobile,,929,0,0,
2455,Naljepnice i stikeri za automobile,,929,0,0,
1476,Kapice za automobilske gume,,929,0,0,
1658,Zaštita i Sigurnost za motocikle,zastita-i-sigurnost-za-motocikle,930,1,0,"{""id"":1658,""name"":""Zaštita i Sigurnost za motocikle"",""name_singular"":""Zaštita i Sigurnost za motocikle"",""slug"":""zastita-i-sigurnost-za-motocikle"",""parent_id"":930,""order"":142,""desktop_order"":0,""top_category"":false,""highlighted"":false,""shipping_available"":true,""sensitive_content"":false,""post_option"":null,""show_price"":true,""show_brand"":false,""brand_required"":false,""model_required"":false,""has_models"":false,""show_condition"":true,""show_map"":false,""listing_fee"":0,""booking_enabled"":false,""base_listing_price"":5,""sub_categories"":[],""icon"":null,""show_stories"":false}"
2523,Kućišta osigurača i osigurači za automobile,,929,0,0,
945,Izduvni sistemi za automobile,,929,0,0,
1510,Rukavice za motocikliste,rukavice-za-motocikliste,930,1,1,"{""id"":1510,""name"":""Rukavice za motocikliste"",""name_singular"":""Rukavice za motocikliste"",""slug"":""rukavice-za-motocikliste"",""parent_id"":930,""order"":116,""desktop_order"":0,""top_category"":false,""highlighted"":false,""shipping_available"":true,""sensitive_content"":false,""post_option"":null,""show_price"":true,""show_brand"":true,""brand_required"":false,""model_required"":false,""has_models"":false,""show_condition"":true,""show_map"":false,""listing_fee"":0,""booking_enabled"":false,""base_listing_price"":5,""sub_categories"":[],""icon"":null,""show_stories"":false}"
1657,Diskovi i pločice za motocikle,diskovi-i-plocice-za-motocikle,930,1,1,"{""id"":1657,""name"":""Diskovi i pločice za motocikle"",""name_singular"":""Diskovi i pločice za motocikle"",""slug"":""diskovi-i-plocice-za-motocikle"",""parent_id"":930,""order"":24,""desktop_order"":0,""top_category"":false,""highlighted"":false,""shipping_available"":true,""sensitive_content"":false,""post_option"":null,""show_price"":true,""show_brand"":true,""brand_required"":false,""model_required"":false,""has_models"":false,""show_condition"":true,""show_map"":false,""listing_fee"":0,""booking_enabled"":false,""base_listing_price"":5,""sub_categories"":[],""icon"":null,""show_stories"":false}"
944,"Branici, karambolke i spojleri za automobile",,929,0,0,
1609,Koferi i Torbe za motocikle,koferi-i-torbe-za-motocikle,930,1,1,"{""id"":1609,""name"":""Koferi i Torbe za motocikle"",""name_singular"":""Koferi i Torbe za motocikle"",""slug"":""koferi-i-torbe-za-motocikle"",""parent_id"":930,""order"":56,""desktop_order"":0,""top_category"":false,""highlighted"":false,""shipping_available"":true,""sensitive_content"":false,""post_option"":null,""show_price"":true,""show_brand"":true,""brand_required"":false,""model_required"":false,""has_models"":false,""show_condition"":true,""show_map"":false,""listing_fee"":0,""booking_enabled"":false,""base_listing_price"":5,""sub_categories"":[],""icon"":null,""show_stories"":false}"
2587,Autofolije,,929,0,0,
2435,Antene za automobile,,929,0,0,
1954,Ostali materijali i oprema,ostali-materijali-i-oprema,1947,1,0,"{""id"":1954,""name"":""Ostali materijali i oprema"",""name_singular"":""Ostali materijali i oprema"",""slug"":""ostali-materijali-i-oprema"",""parent_id"":1947,""order"":1000,""desktop_order"":0,""top_category"":false,""highlighted"":false,""shipping_available"":true,""sensitive_content"":false,""post_option"":null,""show_price"":true,""show_brand"":false,""brand_required"":false,""model_required"":false,""has_models"":false,""show_condition"":true,""show_map"":false,""listing_fee"":0,""booking_enabled"":false,""base_listing_price"":5,""sub_categories"":[],""icon"":null,""show_stories"":false}"
1599,Kablovi i konektori za automobile,,929,0,0,
2606,Antifrizi i permanti za automobile,,929,0,0,
1646,Filteri za motocikle,filteri-za-motocikle,930,1,1,"{""id"":1646,""name"":""Filteri za motocikle"",""name_singular"":""Filteri za motocikle"",""slug"":""filteri-za-motocikle"",""parent_id"":930,""order"":32,""desktop_order"":0,""top_category"":false,""highlighted"":false,""shipping_available"":true,""sensitive_content"":false,""post_option"":null,""show_price"":true,""show_brand"":true,""brand_required"":false,""model_required"":false,""has_models"":false,""show_condition"":true,""show_map"":false,""listing_fee"":0,""booking_enabled"":false,""base_listing_price"":5,""sub_categories"":[],""icon"":null,""show_stories"":false}"
1511,Jakne za motocikliste,jakne-za-motocikliste,930,1,1,"{""id"":1511,""name"":""Jakne za motocikliste"",""name_singular"":""Jakne za motocikliste"",""slug"":""jakne-za-motocikliste"",""parent_id"":930,""order"":44,""desktop_order"":0,""top_category"":false,""highlighted"":false,""shipping_available"":true,""sensitive_content"":false,""post_option"":null,""show_price"":true,""show_brand"":true,""brand_required"":false,""model_required"":false,""has_models"":false,""show_condition"":true,""show_map"":false,""listing_fee"":0,""booking_enabled"":false,""base_listing_price"":5,""sub_categories"":[],""icon"":null,""show_stories"":false}"
1663,Žmigavci za motocikle,zmigavci-za-motocikle,930,1,1,"{""id"":1663,""name"":""Žmigavci za motocikle"",""name_singular"":""Žmigavci za motocikle"",""slug"":""zmigavci-za-motocikle"",""parent_id"":930,""order"":148,""desktop_order"":0,""top_category"":false,""highlighted"":false,""shipping_available"":true,""sensitive_content"":false,""post_option"":null,""show_price"":true,""show_brand"":true,""brand_required"":false,""model_required"":false,""has_models"":false,""show_condition"":true,""show_map"":false,""listing_fee"":0,""booking_enabled"":false,""base_listing_price"":5,""sub_categories"":[],""icon"":null,""show_stories"":false}"
2401,FM transmiteri za automobile,,929,0,0,
2028,Autopresvlake,,929,0,0,
502,Privjesci za ključeve,privjesci-za-kljuceve,472,1,0,"{""id"":502,""name"":""Privjesci za ključeve"",""name_singular"":""Privjesci za ključeve"",""slug"":""privjesci-za-kljuceve"",""parent_id"":472,""order"":24,""desktop_order"":0,""top_category"":false,""highlighted"":false,""shipping_available"":true,""sensitive_content"":false,""post_option"":null,""show_price"":true,""show_brand"":false,""brand_required"":false,""model_required"":false,""has_models"":false,""show_condition"":true,""show_map"":false,""listing_fee"":0,""booking_enabled"":false,""base_listing_price"":3,""sub_categories"":[],""icon"":null,""show_stories"":false}"
947,Ostali dijelovi za automobile,,929,0,0,
1082,Elektronika za motocikle,elektronika-za-motocikle,930,1,0,"{""id"":1082,""name"":""Elektronika za motocikle"",""name_singular"":""Elektronika za motocikle"",""slug"":""elektronika-za-motocikle"",""parent_id"":930,""order"":28,""desktop_order"":0,""top_category"":false,""highlighted"":false,""shipping_available"":true,""sensitive_content"":false,""post_option"":null,""show_price"":true,""show_brand"":false,""brand_required"":false,""model_required"":false,""has_models"":false,""show_condition"":true,""show_map"":false,""listing_fee"":0,""booking_enabled"":false,""base_listing_price"":5,""sub_categories"":[],""icon"":null,""show_stories"":false}"
976,Svjetla/Signalizacija za bicikle,svjetlasignalizacija-za-bicikle,932,1,0,"{""id"":976,""name"":""Svjetla/Signalizacija za bicikle"",""name_singular"":""Svjetla/Signalizacija za bicikle"",""slug"":""svjetlasignalizacija-za-bicikle"",""parent_id"":932,""order"":78,""desktop_order"":0,""top_category"":false,""highlighted"":false,""shipping_available"":true,""sensitive_content"":false,""post_option"":null,""show_price"":true,""show_brand"":false,""brand_required"":false,""model_required"":false,""has_models"":false,""show_condition"":true,""show_map"":false,""listing_fee"":0,""booking_enabled"":false,""base_listing_price"":5,""sub_categories"":[],""icon"":null,""show_stories"":false}"
1843,Električni osigurači,elektricni-osiguraci,1838,1,1,"{""id"":1843,""name"":""Električni osigurači"",""name_singular"":""Električni osigurači"",""slug"":""elektricni-osiguraci"",""parent_id"":1838,""order"":12,""desktop_order"":0,""top_category"":false,""highlighted"":false,""shipping_available"":true,""sensitive_content"":false,""post_option"":null,""show_price"":true,""show_brand"":true,""brand_required"":false,""model_required"":false,""has_models"":false,""show_condition"":true,""show_map"":false,""listing_fee"":0,""booking_enabled"":false,""base_listing_price"":5,""sub_categories"":[],""icon"":null,""show_stories"":false}"
1440,Brisači za automobile,,929,0,0,
1073,Stativi,stativi,,1,1,"{""id"":1073,""name"":""Stativi"",""name_singular"":""Stativi"",""slug"":""stativi"",""parent_id"":274,""order"":26,""desktop_order"":0,""top_category"":false,""highlighted"":false,""shipping_available"":true,""sensitive_content"":false,""post_option"":null,""show_price"":true,""show_brand"":true,""brand_required"":false,""model_required"":false,""has_models"":false,""show_condition"":true,""show_map"":false,""listing_fee"":0,""booking_enabled"":false,""base_listing_price"":7,""sub_categories"":[],""icon"":null,""show_stories"":true}"
1049,Oprema za telekomunikacije,oprema-za-telekomunikacije,1046,1,0,"{""id"":1049,""name"":""Oprema za telekomunikacije"",""name_singular"":""Oprema za telekomunikacije"",""slug"":""oprema-za-telekomunikacije"",""parent_id"":1046,""order"":10,""desktop_order"":0,""top_category"":false,""highlighted"":false,""shipping_available"":true,""sensitive_content"":false,""post_option"":null,""show_price"":true,""show_brand"":false,""brand_required"":false,""model_required"":false,""has_models"":false,""show_condition"":true,""show_map"":false,""listing_fee"":0,""booking_enabled"":false,""base_listing_price"":5,""sub_categories"":[],""icon"":null,""show_stories"":false}"
2473,Pepeljare za automobile,,929,0,0,
2637,Redne stezaljke i stopice,redne-stezaljke-i-stopice,1838,1,0,"{""id"":2637,""name"":""Redne stezaljke i stopice"",""name_singular"":""Redne stezaljke i stopice"",""slug"":""redne-stezaljke-i-stopice"",""parent_id"":1838,""order"":32,""desktop_order"":0,""top_category"":false,""highlighted"":false,""shipping_available"":true,""sensitive_content"":false,""post_option"":null,""show_price"":true,""show_brand"":false,""brand_required"":false,""model_required"":false,""has_models"":false,""show_condition"":true,""show_map"":false,""listing_fee"":0,""booking_enabled"":false,""base_listing_price"":5,""sub_categories"":[],""icon"":null,""show_stories"":false}"
2125,Okviri tablica za automobile,,929,0,0,
1462,Amortizeri i opruge za automobile,,929,0,0,
2503,"Otpornici, diode i kondenzatori",otpornici-diode-i-kondenzatori,1838,1,0,"{""id"":2503,""name"":""Otpornici, diode i kondenzatori"",""name_singular"":""Otpornici, diode i kondenzatori"",""slug"":""otpornici-diode-i-kondenzatori"",""parent_id"":1838,""order"":22,""desktop_order"":0,""top_category"":false,""highlighted"":false,""shipping_available"":true,""sensitive_content"":false,""post_option"":null,""show_price"":true,""show_brand"":false,""brand_required"":false,""model_required"":false,""has_models"":false,""show_condition"":true,""show_map"":false,""listing_fee"":0,""booking_enabled"":false,""base_listing_price"":5,""sub_categories"":[],""icon"":null,""show_stories"":false}"
961,Tuning za motocikle,tuning-za-motocikle,930,1,1,"{""id"":961,""name"":""Tuning za motocikle"",""name_singular"":""Tuning za motocikle"",""slug"":""tuning-za-motocikle"",""parent_id"":930,""order"":130,""desktop_order"":0,""top_category"":false,""highlighted"":false,""shipping_available"":true,""sensitive_content"":false,""post_option"":null,""show_price"":true,""show_brand"":true,""brand_required"":false,""model_required"":false,""has_models"":false,""show_condition"":true,""show_map"":false,""listing_fee"":0,""booking_enabled"":false,""base_listing_price"":5,""sub_categories"":[],""icon"":null,""show_stories"":false}"
1647,Nosači za motocikle,nosaci-za-motocikle,930,1,0,"{""id"":1647,""name"":""Nosači za motocikle"",""name_singular"":""Nosači za motocikle"",""slug"":""nosaci-za-motocikle"",""parent_id"":930,""order"":84,""desktop_order"":0,""top_category"":false,""highlighted"":false,""shipping_available"":true,""sensitive_content"":false,""post_option"":null,""show_price"":true,""show_brand"":false,""brand_required"":false,""model_required"":false,""has_models"":false,""show_condition"":true,""show_map"":false,""listing_fee"":0,""booking_enabled"":false,""base_listing_price"":5,""sub_categories"":[],""icon"":null,""show_stories"":false}"
2621,Bužiri i kanalice,buziri-i-kanalice,1838,1,0,"{""id"":2621,""name"":""Bužiri i kanalice"",""name_singular"":""Bužiri i kanalice"",""slug"":""buziri-i-kanalice"",""parent_id"":1838,""order"":10,""desktop_order"":0,""top_category"":false,""highlighted"":false,""shipping_available"":true,""sensitive_content"":false,""post_option"":null,""show_price"":true,""show_brand"":false,""brand_required"":false,""model_required"":false,""has_models"":false,""show_condition"":true,""show_map"":false,""listing_fee"":0,""booking_enabled"":false,""base_listing_price"":5,""sub_categories"":[],""icon"":null,""show_stories"":false}"
2557,Unutrašnje osvjetljenje za automobile,,929,0,0,
1077,Ostalo,ostalo,,1,1,"{""id"":1077,""name"":""Ostalo"",""name_singular"":""Ostalo"",""slug"":""ostalo"",""parent_id"":274,""order"":1000,""desktop_order"":0,""top_category"":false,""highlighted"":false,""shipping_available"":true,""sensitive_content"":false,""post_option"":null,""show_price"":true,""show_brand"":true,""brand_required"":false,""model_required"":false,""has_models"":false,""show_condition"":true,""show_map"":false,""listing_fee"":0,""booking_enabled"":false,""base_listing_price"":7,""sub_categories"":[],""icon"":null,""show_stories"":false}"
2156,Baterije za kamere i fotoaparate,baterije-za-kamere-i-fotoaparate,,1,0,"{""id"":2156,""name"":""Baterije za kamere i fotoaparate"",""name_singular"":""Baterije za kamere i fotoaparate"",""slug"":""baterije-za-kamere-i-fotoaparate"",""parent_id"":274,""order"":10,""desktop_order"":0,""top_category"":false,""highlighted"":false,""shipping_available"":true,""sensitive_content"":false,""post_option"":null,""show_price"":true,""show_brand"":false,""brand_required"":false,""model_required"":false,""has_models"":false,""show_condition"":true,""show_map"":false,""listing_fee"":0,""booking_enabled"":false,""base_listing_price"":5,""sub_categories"":[],""icon"":null,""show_stories"":false}"
1812,Lanci za snijeg automobilskih guma,,929,0,0,
1577,Bušilice,busilice,225,1,1,"{""id"":1577,""name"":""Bušilice"",""name_singular"":""Bušilice"",""slug"":""busilice"",""parent_id"":225,""order"":28,""desktop_order"":0,""top_category"":false,""highlighted"":false,""shipping_available"":true,""sensitive_content"":false,""post_option"":null,""show_price"":true,""show_brand"":true,""brand_required"":false,""model_required"":false,""has_models"":false,""show_condition"":true,""show_map"":false,""listing_fee"":0,""booking_enabled"":false,""base_listing_price"":5,""sub_categories"":[],""icon"":null,""show_stories"":true}"
2166,Auto servis,auto-servis,2160,0,0,"{""id"":2166,""name"":""Auto servis"",""name_singular"":""Auto servis"",""slug"":""auto-servis"",""parent_id"":2160,""order"":12,""desktop_order"":0,""top_category"":false,""highlighted"":false,""shipping_available"":false,""sensitive_content"":false,""post_option"":null,""show_price"":false,""show_brand"":false,""brand_required"":false,""model_required"":false,""has_models"":false,""show_condition"":false,""show_map"":false,""listing_fee"":35,""booking_enabled"":false,""base_listing_price"":5,""sub_categories"":[],""icon"":null,""show_stories"":true}"
15,Multimedija,multimedija,14,0,0,
18,Automobili,automobili,1,0,0,
20,Teretna vozila,teretna-vozila,1,0,0,
21,Motocikli,motocikli,1,0,0,
22,Bicikli,bicikli,1,0,0,
23,Stanovi i apartmani,stanovi-i-apartmani,2,0,0,
24,Kuće,kuce,2,0,0,
25,Poslovni prostori,poslovni-prostori,2,0,0,
26,Vikendice,vikendice,2,0,0,
28,Sobe,sobe,2,0,0,
29,Zemljišta,zemljista,2,0,0,
30,Garaže,garaze,2,0,0,
32,PDA i Pocket PCs,pda-i-pocket-pcs,3,0,0,
34,Bluetooth uređaji,bluetooth-uredjaji,3,0,0,
37,Ostalo,ostalo,3,0,0,
38,Desktop Računari,desktop-racunari,5,0,0,
39,Laptopi,laptopi,5,0,0,
42,Kompjuterska oprema,kompjuterska-oprema,5,0,0,
43,Softver,softver,5,0,0,
45,"TV, oprema i dijelovi",tv-oprema-i-dijelovi,14,0,0,
46,Bijela tehnika,bijela-tehnika,14,0,0,
47,Video iPod i mp3 playeri,video-ipod-i-mp3-playeri,14,0,0,
51,Muzička oprema i dijelovi,muzicka-oprema-i-dijelovi,67,0,0,
57,Kamere i foto aparati,kamere-i-foto-aparati,14,0,0,
74,Mreže i Komunikacije,mreze-i-komunikacije,5,0,0,
75,Serveri,serveri,5,0,0,
172,Fitness i trening,fitness-i-trening,171,0,0,
174,Vanjski sportovi,vanjski-sportovi,171,0,0,
177,Vodeni sportovi,vodeni-sportovi,171,0,0,
178,Zimski sportovi,zimski-sportovi,171,0,0,
180,Koncerti,koncerti,179,0,0,
181,Kina,kina,179,0,0,
182,Pozorišta,pozorista,179,0,0,
183,Sportski događaji,sportski-dogadjaji,179,0,0,
184,Ostale karte i ulaznice,ostale-karte-i-ulaznice,179,0,0,
200,Lančići i Ogrlice,lancici-i-ogrlice,68,0,0,
202,Prstenje,prstenje,68,0,0,
203,Narukvice,narukvice,68,0,0,
204,Privjesci za nakit,privjesci-za-nakit,68,0,0,
205,Pribor/alat za nakit i satove,priboralat-za-nakit-i-satove,68,0,0,
209,Kućni ljubimci,kucni-ljubimci,208,0,0,
210,Domaće životinje,domace-zivotinje,208,0,0,
212,Oprema za životinje,oprema-za-zivotinje,208,0,0,
217,Tenis,tenis,171,0,0,
225,Mašine i alati,masine-i-alati,224,0,0,
226,Poljoprivreda,poljoprivreda,224,0,0,
227,Biznis,biznis,224,0,0,
228,Građevinarstvo,gradjevinarstvo,224,0,0,
229,Hi-Fi komponente,hi-fi-komponente,67,0,0,
243,Fotografije,fotografije,69,0,0,
244,Ručni Satovi,rucni-satovi,68,0,0,
249,Kućna kina,kucna-kina,14,0,0,
250,Ostalo,ostalo,14,0,0,
252,Dijelovi i oprema,dijelovi-i-oprema-mobiteli,3,0,0,
270,Ostale nekretnine,ostale-nekretnine,2,0,0,
277,Koža i tijelo,koza-i-tijelo,276,0,0,
278,Njega kose i brade,njega-kose-i-brade,276,0,0,
279,Zdravlje,zdravlje,276,0,0,
280,Šminka,sminka,276,0,0,
281,Oralna higijena,oralna-higijena,276,0,0,
282,Ostalo,ostalo,276,0,0,
284,Akcione figure,akcione-figure,283,0,0,
285,Plišane igračke,plisane-igracke,283,0,0,
286,Kockice za djecu,kockice-za-djecu,283,0,0,
287,Igračke na baterije,igracke-na-baterije,283,0,0,
288,Društvene igre,drustvene-igre,283,0,0,
290,Igre za PC i konzole,igre-za-pc-i-konzole,289,0,0,
291,Internet/browser igre,internet-browser-igre,289,0,0,
292,Konzole,konzole,289,0,0,
293,Dijelovi i oprema,dijelovi-i-oprema-video-igre,289,0,0,
294,Ostalo,ostalo,289,0,0,
295,Ostale igračke,ostale-igracke,283,0,0,
305,Audioknjige,audioknjige,16,0,0,
306,Katalozi,katalozi,16,0,0,
307,Knjige,knjige,16,0,0,
312,Magazini,magazini,16,0,0,
313,Ostala literatura,ostala-literatura,16,0,0,
331,Umjetničke slike,umjetnicke-slike,69,0,0,
332,Posteri i plakati,posteri-i-plakati,69,0,0,
333,Skulpture,skulpture,69,0,0,
334,Ostalo,ostalo,69,0,0,
340,Timski sportovi,timski-sportovi,171,0,0,
341,Oprema za ostale sportove,oprema-za-ostale-sportove,171,0,0,
366,Ostalo,ostalo,5,0,0,
368,Kancelarijski materijal/namještaj,kancelarijski-materijal-namjestaj,224,0,0,
369,Ostalo,ostalo,328,0,0,
370,Ostalo,ostalo,224,0,0,
372,Garderoba,garderoba,371,0,0,
373,Uređaji i pribor za bebe,uredaji-i-pribor-za-bebe,371,0,0,
374,Pelene za bebe,pelene-za-bebe,371,0,0,
375,Kolica za bebe,kolica-za-bebe,371,0,0,
376,Krevetići za bebe,krevetici-za-bebe,371,0,0,
377,Igračke za bebe,igracke-za-bebe,371,0,0,
378,Ostala oprema za bebe,ostala-oprema-za-bebe,371,0,0,
388,Ostalo,ostalo,208,0,0,
389,Ostalo,ostalo,67,0,0,
426,Nautika,nautika,1,0,0,
430,Parfemi,parfemi,276,0,0,
431,Naočale,naocale,276,0,0,
433,Medicinska oprema,medicinska-oprema,14,0,0,
434,Stripovi,stripovi,16,0,0,
437,Militarija,militarija,435,0,0,
438,Religija,religija,435,0,0,
439,Značke,znacke,435,0,0,
440,Suveniri,suveniri,435,0,0,
441,Telefonske kartice,telefonske-kartice,435,0,0,
442,Stare ulaznice,stare-ulaznice,435,0,0,
443,Razglednice i čestitke,razglednice-i-cestitke,435,0,0,
444,Numizmatika,numizmatika,435,0,0,
449,Filatelija,filatelija,435,0,0,
453,Zastave,zastave,435,0,0,
454,Ostalo kolekcionarstvo,ostalo-kolekcionarstvo,435,0,0,
456,Antik namještaj,antik-namjestaj,455,0,0,
457,Antik uređaji i aparati,antik-uredaji-i-aparati,455,0,0,
458,Antik keramika i staklo,antik-keramika-i-staklo,455,0,0,
459,"Antik predmeti, pribor i oprema",antik-predmeti-pribor-i-oprema,455,0,0,
460,Narodna nošnja,narodna-nosnja,455,0,0,
461,Antik nakit i satovi,antik-nakit-i-satovi,455,0,0,
463,Ostali antikviteti,ostali-antikviteti,455,0,0,
464,Gramofoni i ploče,gramofoni-i-ploce,455,0,0,
466,Žene,zene,465,0,0,
467,Muškarci,muskarci,465,0,0,
468,Djevojčice,djevojcice,465,0,0,
469,Dječaci,djecaci,465,0,0,
470,Unisex,unisex,465,0,0,
472,Dodaci,dodaci,465,0,0,
631,Tattoo,tattoo,69,0,0,
702,Kupatilo,kupatilo,701,0,0,
703,Kuhinja,kuhinja,701,0,0,
704,Namještaj,namjestaj,701,0,0,
705,Dekoracije,dekoracije,701,0,0,
706,Tekstilni proizvodi,tekstilni-proizvodi,701,0,0,
707,Lampe i rasvjeta,lampe-i-rasvjeta,701,0,0,
708,Grijanje i hlađenje,grijanje-i-hladjenje,701,0,0,
709,"Ćilimi, tepisi, etisoni i ostalo",cilimi-tepisi-etisoni-i-ostalo,701,0,0,
710,Sredstva i uređaji za čišćenje,sredstva-i-uredjaji-za-ciscenje,701,0,0,
711,Vrt biljke i vrtlarstvo,vrt-biljke-i-vrtlarstvo,701,0,0,
712,Bazeni i oprema,bazeni-i-oprema,701,0,0,
713,Sigurnosni uređaji,sigurnosni-uredjaji,701,0,0,
731,Kuhinjski pribor,kuhinjski-pribor,703,1,0,"{\""id\"":731,\""name\"":\""Kuhinjski pribor\"",\""name_singular\"":\""Kuhinjski pribor\"",\""slug\"":\""kuhinjski-pribor\"",\""parent_id\"":703,\""order\"":24,\""desktop_order\"":0,\""top_category\"":false,\""highlighted\"":false,\""shipping_available\"":true,\""sensitive_content\"":false,\""post_option\"":null,\""show_price\"":true,\""show_brand\"":false,\""brand_required\"":false,\""model_required\"":false,\""has_models\"":false,\""show_condition\"":true,\""show_map\"":false,\""listing_fee\"":0,\""booking_enabled\"":false,\""base_listing_price\"":5,\""sub_categories\"":[],\""icon\"":null,\""show_stories\"":false}"
745,Zidni i Stoni Satovi,zidni-i-stoni-satovi,68,0,0,
785,Ponjave,ponjave,455,0,0,
867,Stolarija,stolarija,701,0,0,
868,Ostalo,ostalo,701,0,0,
882,Naušnice,nausnice,68,0,0,
883,Kamperi,kamperi,1,0,0,
884,Prikolice,prikolice,1,0,0,
890,Mjerno-regulacioni instrumenti,mjerno-regulacioni-instrumenti,14,0,0,
891,Radio i walkman uređaji,radio-i-walkman-uredjaji,14,0,0,
897,Pića,pica,896,0,0,
899,Životinjski proizvodi,zivotinjski-proizvodi,896,0,0,
900,Biljni proizvodi,biljni-proizvodi,896,0,0,
901,Dezerti i slastice,dezerti-i-slastice,896,0,0,
902,Ulja i začini,ulja-i-zacini,896,0,0,
908,Mliječni proizvodi,mlijecni-proizvodi,896,0,0,
925,E-knjige,e-knjige,16,0,0,
929,Za automobile,za-automobile,928,0,0,
930,Za motocikle,za-motocikle,928,0,0,
931,Za teretna vozila,za-teretna-vozila,928,0,0,
932,Za bicikle,za-bicikle,928,0,0,
933,Za građevinske mašine,za-gradjevinske-masine,928,0,0,
934,Za autobuse i minibuse,za-autobuse-i-minibuse,928,0,0,
935,Za plovila nautiku,za-plovila-nautiku,928,0,0,
936,Za sve ostalo,za-sve-ostalo,928,0,0,
937,Felge za automobile,,929,0,0,
938,Navigacija/GPS za automobile,,929,0,0,
941,Sjedišta za automobile,,929,0,0,
946,Cijelo ozvučenje za automobile,,929,0,0,
949,Za prikolice,za-prikolice,928,0,0,
1034,Šajbe i prozori za automobile,,929,0,0,
1040,Autobusi i minibusi,autobusi-i-minibusi,1,0,0,
1043,Autosjedalice,autosjedalice,371,0,0,
1046,Telekomunikacije,telekomunikacije,14,0,0,
1052,Sličice i albumi,slicice-i-albumi,435,0,0,
1054,Njega noktiju,njega-noktiju,276,0,0,
1055,Ekstremni sportovi,ekstremni-sportovi,171,0,0,
1061,Motori za automobile,,929,0,0,
1062,Piercing nakit,piercing-nakit,68,0,0,
1079,Limarija za automobile,,929,0,0,
1080,Elektronika i Akustika za automobile,,929,0,0,
1143,Ugostiteljska oprema,ugostiteljska-oprema,224,0,0,
1157,Rashladne i toplotne vitrine,rashladne-i-toplotne-vitrine,224,0,0,
1193,Montažni objekti,montazni-objekti,2,0,0,
1194,Trgovačka oprema,trgovacka-oprema,224,0,0,
1370,Muški parfemi,muski-parfemi,430,1,1,"{\""id\"":1370,\""name\"":\""Muški parfemi\"",\""name_singular\"":\""Muški parfemi\"",\""slug\"":\""muski-parfemi\"",\""parent_id\"":430,\""order\"":10,\""desktop_order\"":0,\""top_category\"":false,\""highlighted\"":false,\""shipping_available\"":true,\""sensitive_content\"":false,\""post_option\"":null,\""show_price\"":true,\""show_brand\"":true,\""brand_required\"":false,\""model_required\"":false,\""has_models\"":false,\""show_condition\"":true,\""show_map\"":false,\""listing_fee\"":0,\""booking_enabled\"":false,\""base_listing_price\"":7,\""sub_categories\"":[],\""icon\"":null,\""show_stories\"":true}"
1418,Oprema za pušače,oprema-za-pusace,328,0,0,
1420,Špijunska oprema,spijunska-oprema,328,0,0,
1425,Seksualna pomagala,seksualna-pomagala,328,0,0,
1427,Razni pokloni,razni-pokloni,328,0,0,
1428,Pirotehnika,pirotehnika,328,0,0,
1432,Školski pribor,skolski-pribor,16,0,0,
1433,Mjenjači za automobile,,929,0,0,
1435,Ležajevi za automobile,,929,0,0,
1436,Katalizatori za automobile,,929,0,0,
1438,Anlaseri za automobile,,929,0,0,
1441,Pakne za automobile,,929,0,0,
1442,Bobine za automobile,,929,0,0,
1443,Airbagovi za automobile,,929,0,0,
1444,Karburatori za automobile,,929,0,0,
1445,Volani za automobile,,929,0,0,
1447,Turbine za automobile,,929,0,0,
1448,Pumpe za automobile,,929,0,0,
1449,Nosači i koferi za automobile,,929,0,0,
1451,Instrument table za automobile,,929,0,0,
1452,Lamele za automobile,,929,0,0,
1457,Haube za automobile,,929,0,0,
1458,Kuke za automobile,,929,0,0,
1459,Vrata za automobile,,929,0,0,
1460,Naslonjači za automobile,,929,0,0,
1461,Patosnice i podmetači za automobile,,929,0,0,
1464,Vanjski izgled za automobile,,929,0,0,
1469,Hladnjaci za automobile,,929,0,0,
1471,Letve volana za automobile,,929,0,0,
1472,Diskovi i pločice za automobile,,929,0,0,
1473,ABS sistemi za automobile,,929,0,0,
1474,Kvačila za automobile,,929,0,0,
1475,Protokomjeri zraka za automobile,,929,0,0,
1477,Ventili za automobile,,929,0,0,
1478,Dizne za automobile,,929,0,0,
1479,Rezervoari za automobile,,929,0,0,
1480,Ventilatori za automobile,,929,0,0,
1487,Kočioni cilindri za automobile,,929,0,0,
1490,Osovine/Mostovi za automobile,,929,0,0,
1495,Tablet PCs,tablet-pcs,3,0,0,
1504,Školjke automobila,,929,0,0,
1519,Igračke za dječake,igracke-za-djecake,283,0,0,
1520,Igračke za djevojčice,igracke-za-djevojcice,283,0,0,
1522,Lajsne i pragovi za automobile,,929,0,0,
1523,Automobili u dijelovima,,929,0,0,
1524,Auto klime,,929,0,0,
1552,Knjige i dokumenti,knjige-i-dokumenti,455,0,0,
1553,Antik slike i gobleni,antik-slike-i-gobleni,455,0,0,
1567,"Bass, woofer i kutije za automobile",,929,0,0,
1569,Nosiljke za bebe,nosiljke-za-bebe,371,0,0,
1570,Pojačala za automobile,,929,0,0,
1571,Hodalice za bebe,hodalice-za-bebe,371,0,0,
1572,Ležaljke/Sjedalice za bebe,lezaljkesjedalice-za-bebe,371,0,0,
1573,Antik predmeti od metala,antik-predmeti-od-metala,455,0,0,
1604,Kondenzatori za automobile,,929,0,0,
1605,Skretnice za automobile,,929,0,0,
1606,Equalizer za automobile,,929,0,0,
1612,Zaštite (sigurnosne) za automobile,,929,0,0,
1613,Alarmi za automobile,,929,0,0,
1616,Felge s gumama za automobile,,929,0,0,
1618,Lafete za automobile,,929,0,0,
1619,Tapacirung za automobile,,929,0,0,
1621,Kardani za automobile,,929,0,0,
1622,Kompresori za automobile,,929,0,0,
1624,Glavčine za automobile,,929,0,0,
1633,Repromaterijal za nakit,repromaterijal-za-nakit,68,0,0,
1636,Poluge i dukati,poluge-i-dukati,68,0,0,
1712,Figurice,figurice,435,0,0,
1714,Prerada hrane,prerada-hrane,896,0,0,
1715,Digitroni/Kalkulatori,digitroni-kalkulatori,14,0,0,
1717,Vodoinstalacije i oprema,vodoinstalacije-i-oprema,701,0,0,
1726,Svjećice za automobile,,929,0,0,
1736,Maske i maskiranje,maske-i-maskiranje,328,0,0,
1742,Salvete,salvete,435,0,0,
1749,Grijači za automobile,,929,0,0,
1751,Zaštite haube za automobile,,929,0,0,
1759,Plinski uređaji za automobile,,929,0,0,
1760,Remenovi za automobile,,929,0,0,
1761,Borilački sportovi,borilacki-sportovi,171,0,0,
1766,Karteri za automobile,,929,0,0,
1768,Alternatori za automobile,,929,0,0,
1773,Turističke usluge,turisticke-usluge,2159,0,0,
1780,Satelitska oprema,satelitska-oprema,14,0,0,
1788,Kilometar satovi za automobile,,929,0,0,
1789,Dihtung za automobile,,929,0,0,
1790,Board kompjuteri za automobile,,929,0,0,
1792,Maketarstvo/Modelarstvo,maketarstvo-modelarstvo,435,0,0,
1805,Keramičke pločice,keramicke-plocice,701,0,0,
1811,Bregaste osovine za automobile,,929,0,0,
1815,Planinarenje i alpinizam,planinarenje-i-alpinizam,171,0,0,
1838,Elektromaterijal,elektromaterijal,14,0,0,
1881,Muzičke linije,muzicke-linije,67,0,0,
1887,Veš mašine i Sušilice,ves-masine-i-susilice,,1,1,"{\""id\"":1887,\""name\"":\""Veš mašine i Sušilice\"",\""name_singular\"":\""Veš mašine i Sušilice\"",\""slug\"":\""ves-masine-i-susilice\"",\""parent_id\"":338,\""order\"":12,\""desktop_order\"":0,\""top_category\"":false,\""highlighted\"":false,\""shipping_available\"":true,\""sensitive_content\"":false,\""post_option\"":null,\""show_price\"":true,\""show_brand\"":true,\""brand_required\"":false,\""model_required\"":false,\""has_models\"":false,\""show_condition\"":true,\""show_map\"":false,\""listing_fee\"":0,\""booking_enabled\"":false,\""base_listing_price\"":6,\""sub_categories\"":[],\""icon\"":null,\""show_stories\"":true}"
1913,Oprema za zaštitu na radu,oprema-za-zastitu-na-radu,224,0,0,
1922,Diktafoni/Snimači,diktafoni-snimaci,14,0,0,
1947,"Materijali, dijelovi i oprema",materijali-dijelovi-i-oprema,224,0,0,
1968,Pisaće mašine,pisace-masine,455,0,0,
1990,Muzički instrumenti,muzicki-instrumenti,67,0,0,
1991,Tobogani i igraonice,tobogani-i-igraonice,283,0,0,
2011,Termometri,termometri,14,0,0,
2012,Metlice brisača za automobile,,929,0,0,
2035,Džepni satovi,dzepni-satovi,68,0,0,
2050,Radio amaterski uređaji i oprema,radio-amaterski-uredjaji-i-oprema,14,0,0,
2069,Termostati za automobile,,929,0,0,
2076,Smartwatch (pametni satovi),smartwatch-pametni-satovi,3,0,0,
2093,DVD/Blu-ray player,dvd-blu-ray-player,14,0,0,
2094,Podizači stakala za automobile,,929,0,0,
2095,Šarafi felgi za automobile,,929,0,0,
2096,TV boxovi,tv-boxovi,14,0,0,
2101,Španeri/Remenice za automobile,,929,0,0,
2105,Kinetički zglobovi za automobile,,929,0,0,
2106,Usisne grane za automobile,,929,0,0,
2107,Krajnice za automobile,,929,0,0,
2115,Dronovi (RC letjelice),dronovi-rc-letjelice,14,0,0,
2121,Sportski pehari i oznake,sportski-pehari-i-oznake,435,0,0,
2124,Duple komande za automobile,,929,0,0,
2127,Motorne sanke,motorne-sanke,1,0,0,
2128,Nosači motora i mjenjača za automobile,,929,0,0,
2129,Virtuelna realnost (VR uređaji),virtuelna-realnost-vr-uredjaji,14,0,0,
2138,Klipovi za automobile,,929,0,0,
2139,Glave motora za automobile,,929,0,0,
2141,Radilice za automobile,,929,0,0,
2142,Doboši točka/kočioni za automobile,,929,0,0,
2146,Dijelovi za satove,dijelovi-za-satove,68,0,0,
2147,Posteljina/ogradica za krevet,posteljina-ogradica-za-krevet,371,0,0,
2149,Hoverboard,hoverboard,14,0,0,
2152,Posude tečnosti za automobile,,929,0,0,
2157,Reduktori za automobile,,929,0,0,
2160,Auto moto i nautika,auto-moto-i-nautika,2159,0,0,
2175,Dom i kancelarija,dom-i-kancelarija,2159,0,0,
2197,Edukacija i obrazovanje,edukacija-i-obrazovanje,2159,0,0,
2209,Pravo i finansije,pravo-i-finansije,2159,0,0,
2218,Građevinarstvo,gradjevinarstvo,2159,0,0,
2239,"Ljepota, njega i medicinske usluge",ljepota-njega-i-medicinske-usluge,2159,0,0,
2250,Transport i promet,transport-i-promet,2159,0,0,
2260,Ostale usluge i servisi,ostale-usluge-i-servisi,2159,0,0,
2268,Informatika i Telekomunikacije,informatika-i-telekomunikacije,2159,0,0,
2277,"Gastro, zabava i organizacija",gastro-zabava-i-organizacija,2159,0,0,
2296,Web development i dizajn,web-development-i-dizajn,2286,0,0,
2297,"Zdravstvo, farmacija i socijalna zaštita",zdravstvo-farmacija-i-socijalna-zastita,2286,0,0,
2298,Administracija,administracija-knjigovodstvo,2286,0,0,
2299,Građevinarstvo i geodezija,gradjevinarstvo-i-geodezija,2286,0,0,
2300,Autoindustrija,autoindustrija,2286,0,0,
2301,"Briga o djeci, starima i domaćinstvu",briga-o-djeci-starima-i-domacinstvu,2286,0,0,
2302,Elektrotehnika i mašinstvo,elektrotehnika-masinstvo,2286,0,0,
2303,Ekonomija i finansije,ekonomija-menadzment,2286,0,0,
2304,IT i telekomunikacije,informatika-i-telekomunikacije,2286,0,0,
2305,"Instalacije, održavanje i popravak",instalacije-odrzavanje-i-popravak,2286,0,0,
2306,Ljepota i zdravlje,ljepota-i-zdravlje,2286,0,0,
2307,"Ljudski resursi, pravo",ljudski-resursi-pravo,2286,0,0,
2308,"Osiguranje, sigurnost i zaštita",osiguranje-sigurnost-i-zastita,2286,0,0,
2309,Obrazovanje i nauka,obrazovanje-i-nauka,2286,0,0,
2310,Ostali poslovi,ostali-poslovi,2286,0,0,
2311,Poljoprivreda i šumarstvo,poljoprivreda-i-sumarstvo,2286,0,0,
2312,Prodaja/Komercijala,prodajakomercijala,2286,0,0,
2313,Tekstilna industrija,tekstilna-industrija,2286,0,0,
2314,"Transport, logistika i špedicija",transport-logistika-i-spedicija,2286,0,0,
2315,Turizam i ugostiteljstvo,turizam-i-ugostiteljstvo,2286,0,0,
2316,"Umjetnost, kultura, mediji",umjetnost-kultura-mediji,2286,0,0,
2317,"Menadžment,upravljanje i savjetovanje",menadzmentupravljanje-i-savjetovanje,2286,0,0,
2320,Crijeva za automobile,,929,0,0,
2321,Stabilizatori za automobile,,929,0,0,
2322,Diferencijali za automobile,,929,0,0,
2328,Releji za automobile,,929,0,0,
2332,IoT,iot,14,0,0,
2338,Marketing i posredovanje,marketing-i-posredovanje,2159,0,0,
2341,"Dizajn, print i štampa",dizajn-print-i-stampa,2159,0,0,
2344,Arhitektura i projektovanje,arhitektura-i-projektovanje,2286,0,0,
2345,Stolarija i keramika,stolarija-i-keramika,2286,0,0,
2346,Moleraj i tapetarija,moleraj-i-tapetarija,2286,0,0,
2347,"Veterina, stočarstvo i ribarstvo",veterina-stocarstvo-i-ribarstvo,2286,0,0,
2348,Solarna oprema,solarna-oprema,14,0,0,
2350,Auto kamere,,929,0,0,
2353,Kožice mjenjača za automobile,,929,0,0,
2392,Bluetooth zvučnici,bluetooth-zvucnici,14,0,0,
2393,Kederi za automobile,,929,0,0,
2407,Kriptovalute,kriptovalute,5,0,0,
2411,Mining rigovi,mining-rigovi,5,0,0,
2423,Marketing/PR,marketing-i-oglasavanje,2286,0,0,
2425,Papučice za automobile,,929,0,0,
2429,eBook readeri,ebook-readeri,3,0,0,
2437,Rampe goriva za automobile,,929,0,0,
2439,Balans štange za automobile,,929,0,0,
2441,Motorići i klapne grijanja za automobile,,929,0,0,
2445,"Kopče, žabice i spojke za automobile",,929,0,0,
2450,Ručne kočnice za automobile,,929,0,0,
2451,Display/Ekran za automobile,,929,0,0,
2452,Distanceri za automobile,,929,0,0,
2453,Roletne/daske gepeka za automobile,,929,0,0,
2456,Poklopci/Zaštite motora za automobile,,929,0,0,
2457,ATV / UTV / Quad,atv-utv-quad,1,0,0,
2458,Sigurnosni pojasevi za automobile,,929,0,0,
2459,Nosači/Grede branika za automobile,,929,0,0,
2460,Špule volana za automobile,,929,0,0,
2462,Cerade za automobile,,929,0,0,
2463,Makaze i držači haube za automobile,,929,0,0,
2466,Kutije za satove i nakit,kutije-za-satove-i-nakit,68,0,0,
2467,Broševi i bedževi,brosevi-i-bedzevi,68,0,0,
2472,Birači brzina za automobile,,929,0,0,
2477,Razvodnici paljenja za automobile,,929,0,0,
2478,Tablice za vozila,tablice-za-vozila,435,0,0,
2483,Baglame vrata za automobile,,929,0,0,
2485,Dekla motora za automobile,,929,0,0,
2488,Nosači farova za automobile,,929,0,0,
2489,Nosači alternatora za automobile,,929,0,0,
2491,"ECU jedinice, procesori i kompjuteri za automobile",,929,0,0,
2497,Paketi proizvoda,paketi-proizvoda,896,0,0,
2500,Žetoni,zetoni,435,0,0,
2502,Uređaji za zagrijavanje duhana,uredjaji-za-zagrijavanje-duhana,14,0,0,
2516,Graničnici vrata za automobile,,929,0,0,
2517,Poklopci i čepovi rezervoara za automobile,,929,0,0,
2518,"Šprice, brisači i motorići farova za automobile",,929,0,0,
2520,Nosači i plastike akumulatora za automobile,,929,0,0,
2524,"Kristali, drago i poludrago kamenje",kristali-drago-i-poludrago-kamenje,68,0,0,
2530,Vitla za automobile,,929,0,0,
2531,Ikone i levhe,ikone-i-levhe,69,0,0,
2541,Električne cigarete,elektricne-cigarete,14,0,0,
2543,Smart sistemi,smart-sistemi,14,0,0,
2548,Umjetne trepavice,umjetne-trepavice,276,0,0,
2549,Sirene i tasteri za automobile,,929,0,0,
2551,Zaštitne maske i rukavice,zastitne-maske-i-rukavice,276,0,0,
2553,Dijelovi i oprema za motorne pile (Motorke),dijelovi-i-oprema-za-motorne-pile-motorke,225,1,0,"{\""id\"":2553,\""name\"":\""Dijelovi i oprema za motorne pile (Motorke)\"",\""name_singular\"":\""Dijelovi i oprema za motorne pile (Motorke)\"",\""slug\"":\""dijelovi-i-oprema-za-motorne-pile-motorke\"",\""parent_id\"":225,\""order\"":36,\""desktop_order\"":0,\""top_category\"":false,\""highlighted\"":false,\""shipping_available\"":true,\""sensitive_content\"":false,\""post_option\"":null,\""show_price\"":true,\""show_brand\"":false,\""brand_required\"":false,\""model_required\"":false,\""has_models\"":false,\""show_condition\"":true,\""show_map\"":false,\""listing_fee\"":0,\""booking_enabled\"":false,\""base_listing_price\"":5,\""sub_categories\"":[],\""icon\"":null,\""show_stories\"":false}"
2554,Plakete,plakete,435,0,0,
2556,Lupe/povećala,lupe-povecala,14,0,0,
2560,Oprema za pakovanje,oprema-za-pakovanje,224,0,0,
2562,Montesori za djecu,montesori-za-djecu,283,0,0,
2569,Nosači hladnjaka za automobile,,929,0,0,
2570,Nosači ventilatora za automobile,,929,0,0,
2571,Manžetne za automobile,,929,0,0,
2576,Nosači osovina za automobile,,929,0,0,
2580,Blende za radio automobila,,929,0,0,
2583,Vandleri za automobile,,929,0,0,
2589,Motori šibera za automobile,,929,0,0,
2592,Industrijske grijalice/Topovi,industrijske-grijalice-topovi,224,0,0,
2593,Teleskopi i oprema,teleskopi-i-oprema,14,0,0,
2594,Poštanska sandučad,postanska-sanducad,701,0,0,
2595,Docking stations,docking-stations,5,0,0,
2598,Vakumi turbina za automobile,,929,0,0,
2600,Oprema za mining rigove,oprema-za-mining-rigove,5,0,0,
2602,Grafički tableti,graficki-tableti,5,0,0,
2603,Mjerači i šipke ulja za automobile,,929,0,0,
2623,Nosači blatobrana za automobile,,929,0,0,
2624,Nosači auspuha za automobile,,929,0,0,
2629,Snorkel za automobile,,929,0,0,
2633,Aparati / Varilice za pakovanja,aparati-varilice-za-pakovanja,224,0,0,
2639,Vakum boca za automobile,,929,0,0,
2644,Moduli airbegova za automobile,,929,0,0,
2655,Filteri za vodu,"",701,0,0,
2656,Potražnja,potraznja,328,0,0,
2657,Poklanjam (darujem),poklanjam-darujem,328,0,0,
2661,Rezervni točkovi za automobile,,929,0,0,
2662,Dijelovi i oprema za dronove,"",14,0,0,
2664,Punjači za električna vozila,,929,0,0,
2668,Stan na dan,"",2,0,0,
2672,Skladišta i hale,skladista-i-hale,2,0,0,
2675,"Ulja, maziva i boje",ulja-maziva-i-boje,224,0,0,
2678,Gnijezda za bebe,"",371,0,0,
2679,Hranilice za bebe,"",371,0,0,
2680,Ljulje za bebe,"",371,0,0,
2681,Podloge za bebe,"",371,0,0,
2682,Izdajalice za mlijeko,izdajalice-za-mlijeko,371,0,0,
2683,Torbe za mame,torbe-za-mame,371,0,0,
2684,Noše za bebe,"",371,0,0,
2685,Monitori za bebe,"",371,0,0,
2686,Kadice za bebe,"",371,0,0,
2687,Flašice/cucle,"",371,0,0,
2688,Njega za bebe,"",371,0,0,
2690,Dekice za bebe,"",371,0,0,
2691,Igraonice za bebe,"",371,0,0,
2692,Siperak za bebe,"",371,0,0,
